county_fips,year,dem,gop,total
05001,2008,2619,4185,6978
05001,2012,2454,3892,6488
05001,2016,1939,3825,6167
05001,2020,1818,4304,6292
05001,2024,1503,3951,5547
05003,2008,2976,5406,8642
05003,2012,2855,4866,7915
05003,2016,2408,5338,8027
05003,2020,2125,5548,7926
05003,2024,1774,5145,7030
05005,2008,6539,12852,19981
05005,2012,5172,13688,19339
05005,2016,4163,14655,19572
05005,2020,4635,15836,21007
05005,2024,4341,16253,20954
05007,2008,23331,51124,76073
05007,2012,22144,53477,77525
05007,2016,27894,60751,94262
05007,2020,42249,73965,119912
05007,2024,45231,79907,128595
05009,2008,4435,10575,15474
05009,2012,3762,11143,15363
05009,2016,2925,12225,15912
05009,2020,3064,13652,17114
05009,2024,2854,13968,17112
05011,2008,1680,2262,4041
05011,2012,1447,2118,3634
05011,2016,1317,2163,3617
05011,2020,1214,2335,3654
05011,2024,961,2213,3209
05013,2008,691,1462,2217
05013,2012,660,1458,2174
05013,2016,636,1554,2250
05013,2020,479,1636,2182
05013,2024,379,1674,2092
05015,2008,4172,6083,10579
05015,2012,3691,6121,10172
05015,2016,3334,6773,10656
05015,2020,4023,7424,11797
05015,2024,3812,7470,11538
05017,2008,3043,2119,5208
05017,2012,2649,1670,4361
05017,2016,2350,1716,4149
05017,2020,2260,1752,4103
05017,2024,1796,1658,3490
05019,2008,4267,4608,9094
05019,2012,3808,4343,8406
05019,2016,3606,4398,8365
05019,2020,3438,4616,8395
05019,2024,2959,4526,7657
05021,2008,2244,3032,5511
05021,2012,1738,3225,5110
05021,2016,1999,3779,5978
05021,2020,962,4086,5183
05021,2024,907,3968,4967
05023,2008,2951,7962,11338
05023,2012,2618,8691,11643
05023,2016,2101,9454,11968
05023,2020,1988,10328,12680
05023,2024,1941,10595,12739
05025,2008,911,2451,3505
05025,2012,845,2313,3266
05025,2016,723,2460,3299
05025,2020,651,2867,3600
05025,2024,524,2804,3374
05027,2008,3554,5861,9558
05027,2012,3557,5790,9455
05027,2016,3140,5456,8837
05027,2020,2814,5500,8616
05027,2024,2466,5367,7940
05029,2008,3149,4691,8138
05029,2012,3003,4511,7724
05029,2016,2655,4844,7837
05029,2020,2615,5694,8685
05029,2024,2449,5893,8541
05031,2008,11294,18881,30968
05031,2012,10351,20044,31207
05031,2016,10474,22798,34968
05031,2020,11921,25558,38511
05031,2024,11210,25152,37242
05033,2008,5238,14688,20532
05033,2012,4872,15125,20562
05033,2016,4476,16655,22155
05033,2020,4959,18607,24091
05033,2024,4753,18615,23834
05035,2008,10330,7650,18255
05035,2012,9092,6192,15513
05035,2016,8368,6953,15798
05035,2020,8514,7333,16367
05035,2024,7362,7028,14681
05037,2008,2580,4393,7130
05037,2012,2279,4268,6680
05037,2016,1995,4577,6831
05037,2020,1772,4946,6942
05037,2024,1642,4753,6534
05039,2008,1471,1757,3318
05039,2012,1337,1664,3083
05039,2016,1165,1507,2741
05039,2020,963,1573,2649
05039,2024,798,1482,2324
05041,2008,2569,1999,4678
05041,2012,2353,1807,4240
05041,2016,2227,1915,4226
05041,2020,2016,1921,4164
05041,2024,1638,1805,3505
05043,2008,2598,3860,6610
05043,2012,2627,3883,6626
05043,2016,2364,3967,6552
05043,2020,2426,4349,6908
05043,2024,2050,4203,6365
05045,2008,14955,25362,41179
05045,2012,13559,26653,41322
05045,2016,14525,29170,46364
05045,2020,18347,34421,54428
05045,2024,17752,35357,54465
05047,2008,1869,4411,6475
05047,2012,1725,4631,6539
05047,2016,1376,5034,6698
05047,2020,1300,5677,7129
05047,2024,1232,5582,6971
05049,2008,1819,2702,4676
05049,2012,1452,2949,4522
05049,2016,1067,3470,4744
05049,2020,1035,3961,5119
05049,2024,906,4040,5043
05051,2008,15899,26825,43719
05051,2012,13317,25031,39241
05051,2016,12283,26053,40337
05051,2020,14045,29069,44199
05051,2024,13015,28359,42327
05053,2008,1562,5023,6793
05053,2012,1467,4829,6478
05053,2016,1407,5160,6855
05053,2020,1268,6794,8200
05053,2024,1192,6755,8078
05055,2008,4541,8578,13612
05055,2012,3998,9066,13754
05055,2016,3056,10698,14422
05055,2020,3058,12670,16100
05055,2024,2935,12617,15820
05057,2008,2869,4273,7349
05057,2012,2466,4284,6919
05057,2016,2371,4391,6984
05057,2020,2138,4470,6848
05057,2024,1776,4193,6089
05059,2008,4288,7209,11955
05059,2012,3824,7087,11239
05059,2016,3137,8153,11815
05059,2020,3082,9202,12557
05059,2024,2818,9226,12283
05061,2008,1746,2957,4846
05061,2012,1460,2862,4419
05061,2016,1350,3155,4634
05061,2020,1340,3367,4834
05061,2024,1158,3246,4473
05063,2008,3688,8255,12299
05063,2012,3279,8724,12390
05063,2016,2878,9925,13443
05063,2020,2806,11250,14512
05063,2024,2689,11023,14011
05065,2008,1792,3193,5218
05065,2012,1563,3571,5313
05065,2016,1111,4042,5396
05065,2020,1021,4631,5810
05065,2024,949,4854,5925
05067,2008,2207,3118,5582
05067,2012,2093,3065,5338
05067,2016,1583,3262,5093
05067,2020,1365,3593,5091
05067,2024,1183,3509,4775
05069,2008,18465,10655,29689
05069,2012,17456,9515,27364
05069,2016,15721,9231,25683
05069,2020,14981,9521,25158
05069,2024,12802,8468,21608
05071,2008,3034,4922,8180
05071,2012,2785,5045,8064
05071,2016,2421,6072,8997
05071,2020,2283,6938,9498
05071,2024,2107,6766,9059
05073,2008,1133,1685,2902
05073,2012,1173,1712,2928
05073,2016,1028,1750,2835
05073,2020,839,1757,2679
05073,2024,698,1589,2325
05075,2008,2138,3357,5830
05075,2012,1786,3535,5537
05075,2016,1263,4064,5629
05075,2020,1080,4569,5857
05075,2024,965,4608,5692
05077,2008,2263,1454,3763
05077,2012,2107,1280,3424
05077,2016,1735,1229,3004
05077,2020,1423,1286,2848
05077,2024,1270,1181,2520
05079,2008,1710,2513,4406
05079,2012,1424,2199,3725
05079,2016,1252,2455,3814
05079,2020,1032,2729,3875
05079,2024,813,2502,3372
05081,2008,1753,3247,5152
05081,2012,1552,3385,5051
05081,2016,1397,3604,5192
05081,2020,1226,3715,5177
05081,2024,1084,3744,4899
05083,2008,2286,5350,7907
05083,2012,2009,5078,7330
05083,2016,1712,5737,7839
05083,2020,1544,6441,8225
05083,2024,1464,6567,8205
05085,2008,5968,17242,23741
05085,2012,5612,17863,24083
05085,2016,5638,19902,26766
05085,2020,6686,22884,30662
05085,2024,6790,23225,30620
05087,2008,2144,3972,6328
05087,2012,2099,4262,6567
05087,2016,1587,4917,6782
05087,2020,1563,5658,7351
05087,2024,1491,5885,7501
05089,2008,2384,4524,7162
05089,2012,2024,4771,7029
05089,2016,1377,5077,6718
05089,2020,1531,5783,7503
05089,2024,1501,6230,7851
05091,2008,4869,9913,15063
05091,2012,4518,10622,15329
05091,2016,4273,11293,16015
05091,2020,4245,11920,16529
05091,2024,3769,11842,15803
05093,2008,6667,6976,14010
05093,2012,6445,6599,13349
05093,2016,5621,6988,12995
05093,2020,4558,7296,12342
05093,2024,3574,6963,10717
05095,2008,1615,1754,3449
05095,2012,1583,1585,3230
05095,2016,1298,1400,2766
05095,2020,1147,1545,2816
05095,2024,1002,1385,2433
05097,2008,1092,2365,3622
05097,2012,920,2368,3403
05097,2016,735,2573,3445
05097,2020,731,3046,3873
05097,2024,645,2987,3707
05099,2008,1474,2062,3635
05099,2012,1314,1996,3384
05099,2016,1156,2001,3233
05099,2020,1076,2133,3358
05099,2024,849,2002,2907
05101,2008,1182,2588,3960
05101,2012,993,2508,3661
05101,2016,699,2875,3731
05101,2020,709,3192,3998
05101,2024,644,3063,3770
05103,2008,4346,5427,9960
05103,2012,4626,5516,10303
05103,2016,4320,5347,9881
05103,2020,3995,5294,9629
05103,2024,3412,5056,8626
05105,2008,1352,2743,4279
05105,2012,1187,2580,3937
05105,2016,1035,2979,4213
05105,2020,1012,3479,4627
05105,2024,923,3559,4584
05107,2008,5695,3097,8969
05107,2012,5179,2591,7900
05107,2016,4292,2443,6894
05107,2020,3623,2417,6242
05107,2024,2754,2098,4938
05109,2008,1089,2727,3966
05109,2012,850,2847,3787
05109,2016,684,3150,3956
05109,2020,644,3519,4246
05109,2024,560,3746,4358
05111,2008,2742,4903,7928
05111,2012,2387,4967,7550
05111,2016,1878,3149,5283
05111,2020,1424,5918,7521
05111,2024,1235,5731,7079
05113,2008,1957,5473,7681
05113,2012,1556,5950,7721
05113,2016,1210,6606,8121
05113,2020,1246,7035,8490
05113,2024,1145,6987,8288
05115,2008,6002,15568,22079
05115,2012,5108,14733,20390
05115,2016,4818,15694,21545
05115,2020,5772,18081,24432
05115,2024,5487,18118,24191
05117,2008,1048,2223,3381
05117,2012,877,2149,3134
05117,2016,812,2503,3404
05117,2020,654,2786,3495
05117,2024,524,2628,3200
05119,2008,88854,70212,161343
05119,2012,87055,68856,159055
05119,2016,89377,61182,157728
05119,2020,101947,63687,169956
05119,2024,92038,57977,153924
05121,2008,2469,3615,6319
05121,2012,2040,3699,5948
05121,2016,1425,4508,6313
05121,2020,1215,5355,6812
05121,2024,1138,5367,6636
05123,2008,5486,3917,9505
05123,2012,4652,3287,8021
05123,2016,4031,3195,7412
05123,2020,3604,3242,7108
05123,2024,2953,2909,5979
05125,2008,12695,30981,44653
05125,2012,12868,32962,47059
05125,2016,13247,35852,51971
05125,2020,16060,39556,56959
05125,2024,16609,39736,57609
05127,2008,1053,2791,3995
05127,2012,895,2630,3637
05127,2016,507,2378,3017
05127,2020,483,2962,3551
05127,2024,425,2913,3384
05129,2008,961,2726,3847
05129,2012,814,2699,3694
05129,2016,601,2955,3698
05129,2020,588,3365,4019
05129,2024,511,3305,3869
05131,2008,13673,28637,43212
05131,2012,13083,29158,43340
05131,2016,12184,28769,43557
05131,2020,14487,31198,47140
05131,2024,13652,30719,45452
05133,2008,1291,3125,4580
05133,2012,1042,3135,4328
05133,2016,1075,3281,4517
05133,2020,1116,3884,5202
05133,2024,862,3772,4714
05135,2008,2436,4535,7252
05135,2012,2092,4920,7282
05135,2016,1472,5405,7190
05135,2020,1398,5938,7566
05135,2024,1316,5978,7437
05137,2008,1598,3534,5324
05137,2012,1356,3773,5351
05137,2016,1189,4081,5527
05137,2020,1180,4616,5938
05137,2024,1089,4808,6030
05139,2008,6190,10677,17179
05139,2012,6182,10696,17160
05139,2016,5667,10201,16338
05139,2020,5584,10478,16607
05139,2024,5019,10196,15448
05141,2008,2151,4276,6703
05141,2012,1826,4362,6421
05141,2016,1547,5382,7111
05141,2020,1593,6034,7807
05141,2024,1437,6023,7621
05143,2008,29021,37963,68380
05143,2012,28136,39570,70231
05143,2016,32296,40418,78153
05143,2020,43824,47504,94266
05143,2024,43779,50243,97158
05145,2008,6732,19467,26955
05145,2012,5765,20005,26508
05145,2016,5157,21038,27451
05145,2020,5978,24182,30885
05145,2024,5641,24514,30837
05147,2008,1412,1206,2761
05147,2012,1340,1227,2685
05147,2016,1117,1344,2550
05147,2020,856,1543,2476
05147,2024,760,1513,2318
05149,2008,2003,3808,6036
05149,2012,1720,4041,5971
05149,2016,1472,4600,6389
05149,2020,1284,5226,6741
05149,2024,1213,5147,6477
